date,match_url
Sat Aug 02 2025 00:00:00 GMT-0400 (Eastern Daylight Time),https://en.volleyballworld.com/volleyball/competitions/volleyball-nations-league/schedule/21550?match=Italy-vs-Slovenia
Sat Aug 02 2025 00:00:00 GMT-0400 (Eastern Daylight Time),https://en.volleyballworld.com/volleyball/competitions/volleyball-nations-league/schedule/21549?match=Brazil-vs-Poland
Sun Aug 03 2025 00:00:00 GMT-0400 (Eastern Daylight Time),https://en.volleyballworld.com/volleyball/competitions/volleyball-nations-league/schedule/21551?match=Brazil-vs-Slovenia
Sun Aug 03 2025 00:00:00 GMT-0400 (Eastern Daylight Time),https://en.volleyballworld.com/volleyball/competitions/volleyball-nations-league/schedule/21552?match=Poland-vs-Italy
Sat Jul 26 2025 00:00:00 GMT-0400 (Eastern Daylight Time),https://en.volleyballworld.com/volleyball/competitions/volleyball-nations-league/schedule/21665?match=Italy-vs-Poland
Sat Jul 26 2025 00:00:00 GMT-0400 (Eastern Daylight Time),https://en.volleyballworld.com/volleyball/competitions/volleyball-nations-league/schedule/21666?match=Brazil-vs-Japan
Sun Jul 27 2025 00:00:00 GMT-0400 (Eastern Daylight Time),https://en.volleyballworld.com/volleyball/competitions/volleyball-nations-league/schedule/21667?match=Poland-vs-Japan
Sun Jul 27 2025 00:00:00 GMT-0400 (Eastern Daylight Time),https://en.volleyballworld.com/volleyball/competitions/volleyball-nations-league/schedule/21668?match=Italy-vs-Brazil
Wed Jul 30 2025 00:00:00 GMT-0400 (Eastern Daylight Time),https://en.volleyballworld.com/volleyball/competitions/volleyball-nations-league/schedule/21547?match=Italy-vs-Cuba
Wed Jul 30 2025 00:00:00 GMT-0400 (Eastern Daylight Time),https://en.volleyballworld.com/volleyball/competitions/volleyball-nations-league/schedule/21545?match=Brazil-vs-China
Thu Jul 31 2025 00:00:00 GMT-0400 (Eastern Daylight Time),https://en.volleyballworld.com/volleyball/competitions/volleyball-nations-league/schedule/21548?match=France-vs-Slovenia
Thu Jul 31 2025 00:00:00 GMT-0400 (Eastern Daylight Time),https://en.volleyballworld.com/volleyball/competitions/volleyball-nations-league/schedule/21546?match=Japan-vs-Poland
Fri Jul 18 2025 00:00:00 GMT-0400 (Eastern Daylight Time),https://en.volleyballworld.com/volleyball/competitions/volleyball-nations-league/schedule/21525?match=Argentina-vs-USA
Fri Jul 18 2025 00:00:00 GMT-0400 (Eastern Daylight Time),https://en.volleyballworld.com/volleyball/competitions/volleyball-nations-league/schedule/21526?match=Brazil-vs-Japan
Fri Jul 18 2025 00:00:00 GMT-0400 (Eastern Daylight Time),https://en.volleyballworld.com/volleyball/competitions/volleyball-nations-league/schedule/21527?match=Cuba-vs-France
Fri Jul 18 2025 00:00:00 GMT-0400 (Eastern Daylight Time),https://en.volleyballworld.com/volleyball/competitions/volleyball-nations-league/schedule/21528?match=Ukraine-vs-Serbia
Fri Jul 18 2025 00:00:00 GMT-0400 (Eastern Daylight Time),https://en.volleyballworld.com/volleyball/competitions/volleyball-nations-league/schedule/21529?match=China-vs-Bulgaria
Fri Jul 18 2025 00:00:00 GMT-0400 (Eastern Daylight Time),https://en.volleyballworld.com/volleyball/competitions/volleyball-nations-league/schedule/21530?match=Netherlands-vs-Canada
Sat Jul 19 2025 00:00:00 GMT-0400 (Eastern Daylight Time),https://en.volleyballworld.com/volleyball/competitions/volleyball-nations-league/schedule/21531?match=T%c3%bcrkiye-vs-Brazil
Sat Jul 19 2025 00:00:00 GMT-0400 (Eastern Daylight Time),https://en.volleyballworld.com/volleyball/competitions/volleyball-nations-league/schedule/21532?match=Germany-vs-USA
Sat Jul 19 2025 00:00:00 GMT-0400 (Eastern Daylight Time),https://en.volleyballworld.com/volleyball/competitions/volleyball-nations-league/schedule/21533?match=Serbia-vs-Canada
Sat Jul 19 2025 00:00:00 GMT-0400 (Eastern Daylight Time),https://en.volleyballworld.com/volleyball/competitions/volleyball-nations-league/schedule/21534?match=Bulgaria-vs-Poland
Sat Jul 19 2025 00:00:00 GMT-0400 (Eastern Daylight Time),https://en.volleyballworld.com/volleyball/competitions/volleyball-nations-league/schedule/21535?match=Iran-vs-France
Sat Jul 19 2025 00:00:00 GMT-0400 (Eastern Daylight Time),https://en.volleyballworld.com/volleyball/competitions/volleyball-nations-league/schedule/21536?match=Slovenia-vs-Italy
Sat Jul 19 2025 00:00:00 GMT-0400 (Eastern Daylight Time),https://en.volleyballworld.com/volleyball/competitions/volleyball-nations-league/schedule/21537?match=T%c3%bcrkiye-vs-Argentina
Sun Jul 20 2025 00:00:00 GMT-0400 (Eastern Daylight Time),https://en.volleyballworld.com/volleyball/competitions/volleyball-nations-league/schedule/21538?match=Germany-vs-Brazil
Sun Jul 20 2025 00:00:00 GMT-0400 (Eastern Daylight Time),https://en.volleyballworld.com/volleyball/competitions/volleyball-nations-league/schedule/21509?match=USA-vs-Japan
Sun Jul 20 2025 00:00:00 GMT-0400 (Eastern Daylight Time),https://en.volleyballworld.com/volleyball/competitions/volleyball-nations-league/schedule/21539?match=Ukraine-vs-Canada
Sun Jul 20 2025 00:00:00 GMT-0400 (Eastern Daylight Time),https://en.volleyballworld.com/volleyball/competitions/volleyball-nations-league/schedule/21540?match=China-vs-Cuba
Sun Jul 20 2025 00:00:00 GMT-0400 (Eastern Daylight Time),https://en.volleyballworld.com/volleyball/competitions/volleyball-nations-league/schedule/21541?match=Netherlands-vs-Italy
Sun Jul 20 2025 00:00:00 GMT-0400 (Eastern Daylight Time),https://en.volleyballworld.com/volleyball/competitions/volleyball-nations-league/schedule/21542?match=Bulgaria-vs-Iran
Sun Jul 20 2025 00:00:00 GMT-0400 (Eastern Daylight Time),https://en.volleyballworld.com/volleyball/competitions/volleyball-nations-league/schedule/21543?match=France-vs-Poland
Sun Jul 20 2025 00:00:00 GMT-0400 (Eastern Daylight Time),https://en.volleyballworld.com/volleyball/competitions/volleyball-nations-league/schedule/21544?match=Serbia-vs-Slovenia
Wed Jul 23 2025 00:00:00 GMT-0400 (Eastern Daylight Time),https://en.volleyballworld.com/volleyball/competitions/volleyball-nations-league/schedule/21661?match=Italy-vs-USA
Wed Jul 23 2025 00:00:00 GMT-0400 (Eastern Daylight Time),https://en.volleyballworld.com/volleyball/competitions/volleyball-nations-league/schedule/21662?match=Poland-vs-China
Thu Jul 24 2025 00:00:00 GMT-0400 (Eastern Daylight Time),https://en.volleyballworld.com/volleyball/competitions/volleyball-nations-league/schedule/21664?match=Japan-vs-T%c3%bcrkiye
Thu Jul 24 2025 00:00:00 GMT-0400 (Eastern Daylight Time),https://en.volleyballworld.com/volleyball/competitions/volleyball-nations-league/schedule/21663?match=Brazil-vs-Germany
Fri Jul 11 2025 00:00:00 GMT-0400 (Eastern Daylight Time),https://en.volleyballworld.com/volleyball/competitions/volleyball-nations-league/schedule/21644?match=Bulgaria-vs-France
Fri Jul 11 2025 00:00:00 GMT-0400 (Eastern Daylight Time),https://en.volleyballworld.com/volleyball/competitions/volleyball-nations-league/schedule/21645?match=Poland-vs-Brazil
Fri Jul 11 2025 00:00:00 GMT-0400 (Eastern Daylight Time),https://en.volleyballworld.com/volleyball/competitions/volleyball-nations-league/schedule/21640?match=Belgium-vs-Serbia
Fri Jul 11 2025 00:00:00 GMT-0400 (Eastern Daylight Time),https://en.volleyballworld.com/volleyball/competitions/volleyball-nations-league/schedule/21641?match=Czechia-vs-T%c3%bcrkiye
Fri Jul 11 2025 00:00:00 GMT-0400 (Eastern Daylight Time),https://en.volleyballworld.com/volleyball/competitions/volleyball-nations-league/schedule/21642?match=Thailand-vs-Dominican+Republic
Fri Jul 11 2025 00:00:00 GMT-0400 (Eastern Daylight Time),https://en.volleyballworld.com/volleyball/competitions/volleyball-nations-league/schedule/21643?match=Canada-vs-China
Sat Jul 12 2025 00:00:00 GMT-0400 (Eastern Daylight Time),https://en.volleyballworld.com/volleyball/competitions/volleyball-nations-league/schedule/21650?match=Korea-vs-Bulgaria
Sat Jul 12 2025 00:00:00 GMT-0400 (Eastern Daylight Time),https://en.volleyballworld.com/volleyball/competitions/volleyball-nations-league/schedule/21651?match=Japan-vs-Poland
Sat Jul 12 2025 00:00:00 GMT-0400 (Eastern Daylight Time),https://en.volleyballworld.com/volleyball/competitions/volleyball-nations-league/schedule/21646?match=Czechia-vs-Netherlands
Sat Jul 12 2025 00:00:00 GMT-0400 (Eastern Daylight Time),https://en.volleyballworld.com/volleyball/competitions/volleyball-nations-league/schedule/21647?match=T%c3%bcrkiye-vs-Italy
Sat Jul 12 2025 00:00:00 GMT-0400 (Eastern Daylight Time),https://en.volleyballworld.com/volleyball/competitions/volleyball-nations-league/schedule/21648?match=Germany-vs-China
Sat Jul 12 2025 00:00:00 GMT-0400 (Eastern Daylight Time),https://en.volleyballworld.com/volleyball/competitions/volleyball-nations-league/schedule/21649?match=Canada-vs-USA
Sat Jul 12 2025 00:00:00 GMT-0400 (Eastern Daylight Time),https://en.volleyballworld.com/volleyball/competitions/volleyball-nations-league/schedule/21653?match=Korea-vs-France
Sun Jul 13 2025 00:00:00 GMT-0400 (Eastern Daylight Time),https://en.volleyballworld.com/volleyball/competitions/volleyball-nations-league/schedule/21659?match=Bulgaria-vs-Poland
Sun Jul 13 2025 00:00:00 GMT-0400 (Eastern Daylight Time),https://en.volleyballworld.com/volleyball/competitions/volleyball-nations-league/schedule/21660?match=Japan-vs-Brazil
Sun Jul 13 2025 00:00:00 GMT-0400 (Eastern Daylight Time),https://en.volleyballworld.com/volleyball/competitions/volleyball-nations-league/schedule/21652?match=Czechia-vs-Belgium
Sun Jul 13 2025 00:00:00 GMT-0400 (Eastern Daylight Time),https://en.volleyballworld.com/volleyball/competitions/volleyball-nations-league/schedule/21654?match=Netherlands-vs-Italy
Sun Jul 13 2025 00:00:00 GMT-0400 (Eastern Daylight Time),https://en.volleyballworld.com/volleyball/competitions/volleyball-nations-league/schedule/21655?match=Germany-vs-Dominican+Republic
Sun Jul 13 2025 00:00:00 GMT-0400 (Eastern Daylight Time),https://en.volleyballworld.com/volleyball/competitions/volleyball-nations-league/schedule/21656?match=Serbia-vs-T%c3%bcrkiye
Sun Jul 13 2025 00:00:00 GMT-0400 (Eastern Daylight Time),https://en.volleyballworld.com/volleyball/competitions/volleyball-nations-league/schedule/21657?match=Thailand-vs-Canada
Sun Jul 13 2025 00:00:00 GMT-0400 (Eastern Daylight Time),https://en.volleyballworld.com/volleyball/competitions/volleyball-nations-league/schedule/21658?match=China-vs-USA
Tue Jul 15 2025 00:00:00 GMT-0400 (Eastern Daylight Time),https://en.volleyballworld.com/volleyball/competitions/volleyball-nations-league/schedule/21510?match=Argentina-vs-Brazil
Wed Jul 16 2025 00:00:00 GMT-0400 (Eastern Daylight Time),https://en.volleyballworld.com/volleyball/competitions/volleyball-nations-league/schedule/21511?match=T%c3%bcrkiye-vs-USA
Wed Jul 16 2025 00:00:00 GMT-0400 (Eastern Daylight Time),https://en.volleyballworld.com/volleyball/competitions/volleyball-nations-league/schedule/21512?match=Germany-vs-Japan
Wed Jul 16 2025 00:00:00 GMT-0400 (Eastern Daylight Time),https://en.volleyballworld.com/volleyball/competitions/volleyball-nations-league/schedule/21513?match=China-vs-France
Wed Jul 16 2025 00:00:00 GMT-0400 (Eastern Daylight Time),https://en.volleyballworld.com/volleyball/competitions/volleyball-nations-league/schedule/21514?match=Ukraine-vs-Netherlands
Wed Jul 16 2025 00:00:00 GMT-0400 (Eastern Daylight Time),https://en.volleyballworld.com/volleyball/competitions/volleyball-nations-league/schedule/21515?match=Bulgaria-vs-Cuba
Wed Jul 16 2025 00:00:00 GMT-0400 (Eastern Daylight Time),https://en.volleyballworld.com/volleyball/competitions/volleyball-nations-league/schedule/21516?match=Serbia-vs-Italy
Wed Jul 16 2025 00:00:00 GMT-0400 (Eastern Daylight Time),https://en.volleyballworld.com/volleyball/competitions/volleyball-nations-league/schedule/21517?match=Iran-vs-Poland
Wed Jul 16 2025 00:00:00 GMT-0400 (Eastern Daylight Time),https://en.volleyballworld.com/volleyball/competitions/volleyball-nations-league/schedule/21518?match=Canada-vs-Slovenia
Thu Jul 17 2025 00:00:00 GMT-0400 (Eastern Daylight Time),https://en.volleyballworld.com/volleyball/competitions/volleyball-nations-league/schedule/21519?match=T%c3%bcrkiye-vs-Germany
Thu Jul 17 2025 00:00:00 GMT-0400 (Eastern Daylight Time),https://en.volleyballworld.com/volleyball/competitions/volleyball-nations-league/schedule/21520?match=Argentina-vs-Japan
Thu Jul 17 2025 00:00:00 GMT-0400 (Eastern Daylight Time),https://en.volleyballworld.com/volleyball/competitions/volleyball-nations-league/schedule/21521?match=China-vs-Iran
Thu Jul 17 2025 00:00:00 GMT-0400 (Eastern Daylight Time),https://en.volleyballworld.com/volleyball/competitions/volleyball-nations-league/schedule/21522?match=Ukraine-vs-Italy
Thu Jul 17 2025 00:00:00 GMT-0400 (Eastern Daylight Time),https://en.volleyballworld.com/volleyball/competitions/volleyball-nations-league/schedule/21523?match=Cuba-vs-Poland
Thu Jul 17 2025 00:00:00 GMT-0400 (Eastern Daylight Time),https://en.volleyballworld.com/volleyball/competitions/volleyball-nations-league/schedule/21524?match=Netherlands-vs-Slovenia
Tue Jul 08 2025 00:00:00 GMT-0400 (Eastern Daylight Time),https://en.volleyballworld.com/volleyball/competitions/volleyball-nations-league/schedule/21631?match=Bulgaria-vs-Brazil
Wed Jul 09 2025 00:00:00 GMT-0400 (Eastern Daylight Time),https://en.volleyballworld.com/volleyball/competitions/volleyball-nations-league/schedule/21632?match=Korea-vs-Poland
Wed Jul 09 2025 00:00:00 GMT-0400 (Eastern Daylight Time),https://en.volleyballworld.com/volleyball/competitions/volleyball-nations-league/schedule/21633?match=France-vs-Japan
Wed Jul 09 2025 00:00:00 GMT-0400 (Eastern Daylight Time),https://en.volleyballworld.com/volleyball/competitions/volleyball-nations-league/schedule/21625?match=Czechia-vs-Serbia
Wed Jul 09 2025 00:00:00 GMT-0400 (Eastern Daylight Time),https://en.volleyballworld.com/volleyball/competitions/volleyball-nations-league/schedule/21626?match=Italy-vs-Belgium
Wed Jul 09 2025 00:00:00 GMT-0400 (Eastern Daylight Time),https://en.volleyballworld.com/volleyball/competitions/volleyball-nations-league/schedule/21627?match=Germany-vs-Canada
Wed Jul 09 2025 00:00:00 GMT-0400 (Eastern Daylight Time),https://en.volleyballworld.com/volleyball/competitions/volleyball-nations-league/schedule/21628?match=Netherlands-vs-T%c3%bcrkiye
Wed Jul 09 2025 00:00:00 GMT-0400 (Eastern Daylight Time),https://en.volleyballworld.com/volleyball/competitions/volleyball-nations-league/schedule/21629?match=Dominican+Republic-vs-China
Wed Jul 09 2025 00:00:00 GMT-0400 (Eastern Daylight Time),https://en.volleyballworld.com/volleyball/competitions/volleyball-nations-league/schedule/21630?match=Thailand-vs-USA
Thu Jul 10 2025 00:00:00 GMT-0400 (Eastern Daylight Time),https://en.volleyballworld.com/volleyball/competitions/volleyball-nations-league/schedule/21638?match=France-vs-Brazil
Thu Jul 10 2025 00:00:00 GMT-0400 (Eastern Daylight Time),https://en.volleyballworld.com/volleyball/competitions/volleyball-nations-league/schedule/21639?match=Korea-vs-Japan
Thu Jul 10 2025 00:00:00 GMT-0400 (Eastern Daylight Time),https://en.volleyballworld.com/volleyball/competitions/volleyball-nations-league/schedule/21634?match=Italy-vs-Serbia
Thu Jul 10 2025 00:00:00 GMT-0400 (Eastern Daylight Time),https://en.volleyballworld.com/volleyball/competitions/volleyball-nations-league/schedule/21635?match=Belgium-vs-Netherlands
Thu Jul 10 2025 00:00:00 GMT-0400 (Eastern Daylight Time),https://en.volleyballworld.com/volleyball/competitions/volleyball-nations-league/schedule/21636?match=Thailand-vs-Germany
Thu Jul 10 2025 00:00:00 GMT-0400 (Eastern Daylight Time),https://en.volleyballworld.com/volleyball/competitions/volleyball-nations-league/schedule/21637?match=Dominican+Republic-vs-USA
Fri Jun 27 2025 00:00:00 GMT-0400 (Eastern Daylight Time),https://en.volleyballworld.com/volleyball/competitions/volleyball-nations-league/schedule/21488?match=Ukraine-vs-Japan
Fri Jun 27 2025 00:00:00 GMT-0400 (Eastern Daylight Time),https://en.volleyballworld.com/volleyball/competitions/volleyball-nations-league/schedule/21489?match=Argentina-vs-Iran
Fri Jun 27 2025 00:00:00 GMT-0400 (Eastern Daylight Time),https://en.volleyballworld.com/volleyball/competitions/volleyball-nations-league/schedule/21490?match=Bulgaria-vs-Slovenia
Fri Jun 27 2025 00:00:00 GMT-0400 (Eastern Daylight Time),https://en.volleyballworld.com/volleyball/competitions/volleyball-nations-league/schedule/21491?match=Netherlands-vs-Cuba
Fri Jun 27 2025 00:00:00 GMT-0400 (Eastern Daylight Time),https://en.volleyballworld.com/volleyball/competitions/volleyball-nations-league/schedule/21492?match=China-vs-Italy
Fri Jun 27 2025 00:00:00 GMT-0400 (Eastern Daylight Time),https://en.volleyballworld.com/volleyball/competitions/volleyball-nations-league/schedule/21493?match=Canada-vs-Poland
Sat Jun 28 2025 00:00:00 GMT-0400 (Eastern Daylight Time),https://en.volleyballworld.com/volleyball/competitions/volleyball-nations-league/schedule/21494?match=Slovenia-vs-France
Sat Jun 28 2025 00:00:00 GMT-0400 (Eastern Daylight Time),https://en.volleyballworld.com/volleyball/competitions/volleyball-nations-league/schedule/21495?match=Germany-vs-Iran
Sat Jun 28 2025 00:00:00 GMT-0400 (Eastern Daylight Time),https://en.volleyballworld.com/volleyball/competitions/volleyball-nations-league/schedule/21496?match=Bulgaria-vs-T%c3%bcrkiye
Sat Jun 28 2025 00:00:00 GMT-0400 (Eastern Daylight Time),https://en.volleyballworld.com/volleyball/competitions/volleyball-nations-league/schedule/21497?match=Serbia-vs-Argentina
Sat Jun 28 2025 00:00:00 GMT-0400 (Eastern Daylight Time),https://en.volleyballworld.com/volleyball/competitions/volleyball-nations-league/schedule/21498?match=Brazil-vs-Italy
Sat Jun 28 2025 00:00:00 GMT-0400 (Eastern Daylight Time),https://en.volleyballworld.com/volleyball/competitions/volleyball-nations-league/schedule/21499?match=USA-vs-Poland
Sun Jun 29 2025 00:00:00 GMT-0400 (Eastern Daylight Time),https://en.volleyballworld.com/volleyball/competitions/volleyball-nations-league/schedule/21500?match=Slovenia-vs-Japan
Sun Jun 29 2025 00:00:00 GMT-0400 (Eastern Daylight Time),https://en.volleyballworld.com/volleyball/competitions/volleyball-nations-league/schedule/21501?match=Iran-vs-Netherlands
Sun Jun 29 2025 00:00:00 GMT-0400 (Eastern Daylight Time),https://en.volleyballworld.com/volleyball/competitions/volleyball-nations-league/schedule/21502?match=T%c3%bcrkiye-vs-France
Sun Jun 29 2025 00:00:00 GMT-0400 (Eastern Daylight Time),https://en.volleyballworld.com/volleyball/competitions/volleyball-nations-league/schedule/21503?match=Cuba-vs-Argentina
Sun Jun 29 2025 00:00:00 GMT-0400 (Eastern Daylight Time),https://en.volleyballworld.com/volleyball/competitions/volleyball-nations-league/schedule/21504?match=Bulgaria-vs-Ukraine
Sun Jun 29 2025 00:00:00 GMT-0400 (Eastern Daylight Time),https://en.volleyballworld.com/volleyball/competitions/volleyball-nations-league/schedule/21505?match=China-vs-Canada
Sun Jun 29 2025 00:00:00 GMT-0400 (Eastern Daylight Time),https://en.volleyballworld.com/volleyball/competitions/volleyball-nations-league/schedule/21506?match=Germany-vs-Serbia
Sun Jun 29 2025 00:00:00 GMT-0400 (Eastern Daylight Time),https://en.volleyballworld.com/volleyball/competitions/volleyball-nations-league/schedule/21507?match=Brazil-vs-Poland
Sun Jun 29 2025 00:00:00 GMT-0400 (Eastern Daylight Time),https://en.volleyballworld.com/volleyball/competitions/volleyball-nations-league/schedule/21508?match=USA-vs-Italy
Fri Jun 20 2025 00:00:00 GMT-0400 (Eastern Daylight Time),https://en.volleyballworld.com/volleyball/competitions/volleyball-nations-league/schedule/21604?match=Bulgaria-vs-Czechia
Fri Jun 20 2025 00:00:00 GMT-0400 (Eastern Daylight Time),https://en.volleyballworld.com/volleyball/competitions/volleyball-nations-league/schedule/21605?match=Japan-vs-Italy
Fri Jun 20 2025 00:00:00 GMT-0400 (Eastern Daylight Time),https://en.volleyballworld.com/volleyball/competitions/volleyball-nations-league/schedule/21606?match=Korea-vs-Belgium
Fri Jun 20 2025 00:00:00 GMT-0400 (Eastern Daylight Time),https://en.volleyballworld.com/volleyball/competitions/volleyball-nations-league/schedule/21607?match=France-vs-Netherlands
Fri Jun 20 2025 00:00:00 GMT-0400 (Eastern Daylight Time),https://en.volleyballworld.com/volleyball/competitions/volleyball-nations-league/schedule/21608?match=Canada-vs-Brazil
Fri Jun 20 2025 00:00:00 GMT-0400 (Eastern Daylight Time),https://en.volleyballworld.com/volleyball/competitions/volleyball-nations-league/schedule/21609?match=Germany-vs-Poland
Sat Jun 21 2025 00:00:00 GMT-0400 (Eastern Daylight Time),https://en.volleyballworld.com/volleyball/competitions/volleyball-nations-league/schedule/21610?match=Czechia-vs-Thailand
Sat Jun 21 2025 00:00:00 GMT-0400 (Eastern Daylight Time),https://en.volleyballworld.com/volleyball/competitions/volleyball-nations-league/schedule/21611?match=Japan-vs-China
Sat Jun 21 2025 00:00:00 GMT-0400 (Eastern Daylight Time),https://en.volleyballworld.com/volleyball/competitions/volleyball-nations-league/schedule/21612?match=Dominican+Republic-vs-Brazil
Sat Jun 21 2025 00:00:00 GMT-0400 (Eastern Daylight Time),https://en.volleyballworld.com/volleyball/competitions/volleyball-nations-league/schedule/21613?match=Netherlands-vs-USA
Sat Jun 21 2025 00:00:00 GMT-0400 (Eastern Daylight Time),https://en.volleyballworld.com/volleyball/competitions/volleyball-nations-league/schedule/21614?match=Korea-vs-T%c3%bcrkiye
Sat Jun 21 2025 00:00:00 GMT-0400 (Eastern Daylight Time),https://en.volleyballworld.com/volleyball/competitions/volleyball-nations-league/schedule/21615?match=France-vs-Serbia
Sun Jun 22 2025 00:00:00 GMT-0400 (Eastern Daylight Time),https://en.volleyballworld.com/volleyball/competitions/volleyball-nations-league/schedule/21616?match=Bulgaria-vs-Thailand
Sun Jun 22 2025 00:00:00 GMT-0400 (Eastern Daylight Time),https://en.volleyballworld.com/volleyball/competitions/volleyball-nations-league/schedule/21617?match=Czechia-vs-Japan
Sun Jun 22 2025 00:00:00 GMT-0400 (Eastern Daylight Time),https://en.volleyballworld.com/volleyball/competitions/volleyball-nations-league/schedule/21618?match=Belgium-vs-Canada
Sun Jun 22 2025 00:00:00 GMT-0400 (Eastern Daylight Time),https://en.volleyballworld.com/volleyball/competitions/volleyball-nations-league/schedule/21619?match=Germany-vs-Netherlands
Sun Jun 22 2025 00:00:00 GMT-0400 (Eastern Daylight Time),https://en.volleyballworld.com/volleyball/competitions/volleyball-nations-league/schedule/21620?match=China-vs-Italy
Sun Jun 22 2025 00:00:00 GMT-0400 (Eastern Daylight Time),https://en.volleyballworld.com/volleyball/competitions/volleyball-nations-league/schedule/21621?match=Korea-vs-Dominican+Republic
Sun Jun 22 2025 00:00:00 GMT-0400 (Eastern Daylight Time),https://en.volleyballworld.com/volleyball/competitions/volleyball-nations-league/schedule/21622?match=France-vs-USA
Sun Jun 22 2025 00:00:00 GMT-0400 (Eastern Daylight Time),https://en.volleyballworld.com/volleyball/competitions/volleyball-nations-league/schedule/21623?match=T%c3%bcrkiye-vs-Brazil
Sun Jun 22 2025 00:00:00 GMT-0400 (Eastern Daylight Time),https://en.volleyballworld.com/volleyball/competitions/volleyball-nations-league/schedule/21624?match=Serbia-vs-Poland
Wed Jun 25 2025 00:00:00 GMT-0400 (Eastern Daylight Time),https://en.volleyballworld.com/volleyball/competitions/volleyball-nations-league/schedule/21473?match=Ukraine-vs-France
Wed Jun 25 2025 00:00:00 GMT-0400 (Eastern Daylight Time),https://en.volleyballworld.com/volleyball/competitions/volleyball-nations-league/schedule/21474?match=Germany-vs-Cuba
Wed Jun 25 2025 00:00:00 GMT-0400 (Eastern Daylight Time),https://en.volleyballworld.com/volleyball/competitions/volleyball-nations-league/schedule/21475?match=T%c3%bcrkiye-vs-Slovenia
Wed Jun 25 2025 00:00:00 GMT-0400 (Eastern Daylight Time),https://en.volleyballworld.com/volleyball/competitions/volleyball-nations-league/schedule/21476?match=Netherlands-vs-Argentina
Wed Jun 25 2025 00:00:00 GMT-0400 (Eastern Daylight Time),https://en.volleyballworld.com/volleyball/competitions/volleyball-nations-league/schedule/21477?match=Bulgaria-vs-Japan
Wed Jun 25 2025 00:00:00 GMT-0400 (Eastern Daylight Time),https://en.volleyballworld.com/volleyball/competitions/volleyball-nations-league/schedule/21478?match=Italy-vs-Poland
Wed Jun 25 2025 00:00:00 GMT-0400 (Eastern Daylight Time),https://en.volleyballworld.com/volleyball/competitions/volleyball-nations-league/schedule/21479?match=Serbia-vs-Iran
Wed Jun 25 2025 00:00:00 GMT-0400 (Eastern Daylight Time),https://en.volleyballworld.com/volleyball/competitions/volleyball-nations-league/schedule/21480?match=Canada-vs-Brazil
Wed Jun 25 2025 00:00:00 GMT-0400 (Eastern Daylight Time),https://en.volleyballworld.com/volleyball/competitions/volleyball-nations-league/schedule/21481?match=China-vs-USA
Thu Jun 26 2025 00:00:00 GMT-0400 (Eastern Daylight Time),https://en.volleyballworld.com/volleyball/competitions/volleyball-nations-league/schedule/21482?match=France-vs-Japan
Thu Jun 26 2025 00:00:00 GMT-0400 (Eastern Daylight Time),https://en.volleyballworld.com/volleyball/competitions/volleyball-nations-league/schedule/21483?match=Netherlands-vs-Germany
Thu Jun 26 2025 00:00:00 GMT-0400 (Eastern Daylight Time),https://en.volleyballworld.com/volleyball/competitions/volleyball-nations-league/schedule/21484?match=T%c3%bcrkiye-vs-Ukraine
Thu Jun 26 2025 00:00:00 GMT-0400 (Eastern Daylight Time),https://en.volleyballworld.com/volleyball/competitions/volleyball-nations-league/schedule/21485?match=Serbia-vs-Cuba
Thu Jun 26 2025 00:00:00 GMT-0400 (Eastern Daylight Time),https://en.volleyballworld.com/volleyball/competitions/volleyball-nations-league/schedule/21486?match=Brazil-vs-China
Thu Jun 26 2025 00:00:00 GMT-0400 (Eastern Daylight Time),https://en.volleyballworld.com/volleyball/competitions/volleyball-nations-league/schedule/21487?match=Canada-vs-USA
Fri Jun 13 2025 00:00:00 GMT-0400 (Eastern Daylight Time),https://en.volleyballworld.com/volleyball/competitions/volleyball-nations-league/schedule/21452?match=Japan-vs-Serbia
Fri Jun 13 2025 00:00:00 GMT-0400 (Eastern Daylight Time),https://en.volleyballworld.com/volleyball/competitions/volleyball-nations-league/schedule/21453?match=Netherlands-vs-T%c3%bcrkiye
Fri Jun 13 2025 00:00:00 GMT-0400 (Eastern Daylight Time),https://en.volleyballworld.com/volleyball/competitions/volleyball-nations-league/schedule/21454?match=Bulgaria-vs-Argentina
Fri Jun 13 2025 00:00:00 GMT-0400 (Eastern Daylight Time),https://en.volleyballworld.com/volleyball/competitions/volleyball-nations-league/schedule/21455?match=Ukraine-vs-Cuba
Fri Jun 13 2025 00:00:00 GMT-0400 (Eastern Daylight Time),https://en.volleyballworld.com/volleyball/competitions/volleyball-nations-league/schedule/21456?match=France-vs-Italy
Fri Jun 13 2025 00:00:00 GMT-0400 (Eastern Daylight Time),https://en.volleyballworld.com/volleyball/competitions/volleyball-nations-league/schedule/21457?match=Iran-vs-Slovenia
Sat Jun 14 2025 00:00:00 GMT-0400 (Eastern Daylight Time),https://en.volleyballworld.com/volleyball/competitions/volleyball-nations-league/schedule/21458?match=China-vs-Netherlands
Sat Jun 14 2025 00:00:00 GMT-0400 (Eastern Daylight Time),https://en.volleyballworld.com/volleyball/competitions/volleyball-nations-league/schedule/21459?match=T%c3%bcrkiye-vs-Poland
Sat Jun 14 2025 00:00:00 GMT-0400 (Eastern Daylight Time),https://en.volleyballworld.com/volleyball/competitions/volleyball-nations-league/schedule/21460?match=Ukraine-vs-Brazil
Sat Jun 14 2025 00:00:00 GMT-0400 (Eastern Daylight Time),https://en.volleyballworld.com/volleyball/competitions/volleyball-nations-league/schedule/21461?match=USA-vs-Slovenia
Sat Jun 14 2025 00:00:00 GMT-0400 (Eastern Daylight Time),https://en.volleyballworld.com/volleyball/competitions/volleyball-nations-league/schedule/21462?match=Canada-vs-France
Sat Jun 14 2025 00:00:00 GMT-0400 (Eastern Daylight Time),https://en.volleyballworld.com/volleyball/competitions/volleyball-nations-league/schedule/21463?match=Bulgaria-vs-Germany
Sat Jun 14 2025 00:00:00 GMT-0400 (Eastern Daylight Time),https://en.volleyballworld.com/volleyball/competitions/volleyball-nations-league/schedule/21464?match=Netherlands-vs-Japan
Sun Jun 15 2025 00:00:00 GMT-0400 (Eastern Daylight Time),https://en.volleyballworld.com/volleyball/competitions/volleyball-nations-league/schedule/21465?match=China-vs-T%c3%bcrkiye
Sun Jun 15 2025 00:00:00 GMT-0400 (Eastern Daylight Time),https://en.volleyballworld.com/volleyball/competitions/volleyball-nations-league/schedule/21466?match=Poland-vs-Serbia
Sun Jun 15 2025 00:00:00 GMT-0400 (Eastern Daylight Time),https://en.volleyballworld.com/volleyball/competitions/volleyball-nations-league/schedule/21467?match=Brazil-vs-Slovenia
Sun Jun 15 2025 00:00:00 GMT-0400 (Eastern Daylight Time),https://en.volleyballworld.com/volleyball/competitions/volleyball-nations-league/schedule/21468?match=Argentina-vs-Italy
Sun Jun 15 2025 00:00:00 GMT-0400 (Eastern Daylight Time),https://en.volleyballworld.com/volleyball/competitions/volleyball-nations-league/schedule/21469?match=Ukraine-vs-Iran
Sun Jun 15 2025 00:00:00 GMT-0400 (Eastern Daylight Time),https://en.volleyballworld.com/volleyball/competitions/volleyball-nations-league/schedule/21470?match=Germany-vs-France
Sun Jun 15 2025 00:00:00 GMT-0400 (Eastern Daylight Time),https://en.volleyballworld.com/volleyball/competitions/volleyball-nations-league/schedule/21471?match=Cuba-vs-USA
Sun Jun 15 2025 00:00:00 GMT-0400 (Eastern Daylight Time),https://en.volleyballworld.com/volleyball/competitions/volleyball-nations-league/schedule/21472?match=Bulgaria-vs-Canada
Wed Jun 18 2025 00:00:00 GMT-0400 (Eastern Daylight Time),https://en.volleyballworld.com/volleyball/competitions/volleyball-nations-league/schedule/21589?match=Bulgaria-vs-Italy
Wed Jun 18 2025 00:00:00 GMT-0400 (Eastern Daylight Time),https://en.volleyballworld.com/volleyball/competitions/volleyball-nations-league/schedule/21590?match=Thailand-vs-Japan
Wed Jun 18 2025 00:00:00 GMT-0400 (Eastern Daylight Time),https://en.volleyballworld.com/volleyball/competitions/volleyball-nations-league/schedule/21591?match=Korea-vs-Canada
Wed Jun 18 2025 00:00:00 GMT-0400 (Eastern Daylight Time),https://en.volleyballworld.com/volleyball/competitions/volleyball-nations-league/schedule/21592?match=France-vs-Germany
Wed Jun 18 2025 00:00:00 GMT-0400 (Eastern Daylight Time),https://en.volleyballworld.com/volleyball/competitions/volleyball-nations-league/schedule/21593?match=Czechia-vs-China
Wed Jun 18 2025 00:00:00 GMT-0400 (Eastern Daylight Time),https://en.volleyballworld.com/volleyball/competitions/volleyball-nations-league/schedule/21594?match=Belgium-vs-Brazil
Wed Jun 18 2025 00:00:00 GMT-0400 (Eastern Daylight Time),https://en.volleyballworld.com/volleyball/competitions/volleyball-nations-league/schedule/21595?match=Netherlands-vs-Poland
Wed Jun 18 2025 00:00:00 GMT-0400 (Eastern Daylight Time),https://en.volleyballworld.com/volleyball/competitions/volleyball-nations-league/schedule/21596?match=Dominican+Republic-vs-T%c3%bcrkiye
Wed Jun 18 2025 00:00:00 GMT-0400 (Eastern Daylight Time),https://en.volleyballworld.com/volleyball/competitions/volleyball-nations-league/schedule/21597?match=Serbia-vs-USA
Thu Jun 19 2025 00:00:00 GMT-0400 (Eastern Daylight Time),https://en.volleyballworld.com/volleyball/competitions/volleyball-nations-league/schedule/21598?match=Thailand-vs-Italy
Thu Jun 19 2025 00:00:00 GMT-0400 (Eastern Daylight Time),https://en.volleyballworld.com/volleyball/competitions/volleyball-nations-league/schedule/21599?match=Bulgaria-vs-China
Thu Jun 19 2025 00:00:00 GMT-0400 (Eastern Daylight Time),https://en.volleyballworld.com/volleyball/competitions/volleyball-nations-league/schedule/21600?match=Belgium-vs-Dominican+Republic
Thu Jun 19 2025 00:00:00 GMT-0400 (Eastern Daylight Time),https://en.volleyballworld.com/volleyball/competitions/volleyball-nations-league/schedule/21601?match=USA-vs-Poland
Thu Jun 19 2025 00:00:00 GMT-0400 (Eastern Daylight Time),https://en.volleyballworld.com/volleyball/competitions/volleyball-nations-league/schedule/21602?match=Canada-vs-T%c3%bcrkiye
Thu Jun 19 2025 00:00:00 GMT-0400 (Eastern Daylight Time),https://en.volleyballworld.com/volleyball/competitions/volleyball-nations-league/schedule/21603?match=Germany-vs-Serbia
Fri Jun 06 2025 00:00:00 GMT-0400 (Eastern Daylight Time),https://en.volleyballworld.com/volleyball/competitions/volleyball-nations-league/schedule/21568?match=France-vs-Belgium
Fri Jun 06 2025 00:00:00 GMT-0400 (Eastern Daylight Time),https://en.volleyballworld.com/volleyball/competitions/volleyball-nations-league/schedule/21569?match=T%c3%bcrkiye-vs-Thailand
Fri Jun 06 2025 00:00:00 GMT-0400 (Eastern Daylight Time),https://en.volleyballworld.com/volleyball/competitions/volleyball-nations-league/schedule/21570?match=Dominican+Republic-vs-Netherlands
Fri Jun 06 2025 00:00:00 GMT-0400 (Eastern Daylight Time),https://en.volleyballworld.com/volleyball/competitions/volleyball-nations-league/schedule/21571?match=Korea-vs-Italy
Fri Jun 06 2025 00:00:00 GMT-0400 (Eastern Daylight Time),https://en.volleyballworld.com/volleyball/competitions/volleyball-nations-league/schedule/21572?match=Serbia-vs-Japan
Fri Jun 06 2025 00:00:00 GMT-0400 (Eastern Daylight Time),https://en.volleyballworld.com/volleyball/competitions/volleyball-nations-league/schedule/21573?match=Czechia-vs-USA
Sat Jun 07 2025 00:00:00 GMT-0400 (Eastern Daylight Time),https://en.volleyballworld.com/volleyball/competitions/volleyball-nations-league/schedule/21574?match=T%c3%bcrkiye-vs-Poland
Sat Jun 07 2025 00:00:00 GMT-0400 (Eastern Daylight Time),https://en.volleyballworld.com/volleyball/competitions/volleyball-nations-league/schedule/21575?match=China-vs-France
Sat Jun 07 2025 00:00:00 GMT-0400 (Eastern Daylight Time),https://en.volleyballworld.com/volleyball/competitions/volleyball-nations-league/schedule/21576?match=Germany-vs-Brazil
Sat Jun 07 2025 00:00:00 GMT-0400 (Eastern Daylight Time),https://en.volleyballworld.com/volleyball/competitions/volleyball-nations-league/schedule/21578?match=Canada-vs-Japan
Sat Jun 07 2025 00:00:00 GMT-0400 (Eastern Daylight Time),https://en.volleyballworld.com/volleyball/competitions/volleyball-nations-league/schedule/21577?match=Korea-vs-Czechia
Sat Jun 07 2025 00:00:00 GMT-0400 (Eastern Daylight Time),https://en.volleyballworld.com/volleyball/competitions/volleyball-nations-league/schedule/21579?match=Bulgaria-vs-Serbia
Sat Jun 07 2025 00:00:00 GMT-0400 (Eastern Daylight Time),https://en.volleyballworld.com/volleyball/competitions/volleyball-nations-league/schedule/21580?match=Belgium-vs-Poland
Sun Jun 08 2025 00:00:00 GMT-0400 (Eastern Daylight Time),https://en.volleyballworld.com/volleyball/competitions/volleyball-nations-league/schedule/21581?match=France-vs-Thailand
Sun Jun 08 2025 00:00:00 GMT-0400 (Eastern Daylight Time),https://en.volleyballworld.com/volleyball/competitions/volleyball-nations-league/schedule/21582?match=China-vs-T%c3%bcrkiye
Sun Jun 08 2025 00:00:00 GMT-0400 (Eastern Daylight Time),https://en.volleyballworld.com/volleyball/competitions/volleyball-nations-league/schedule/21583?match=Brazil-vs-Italy
Sun Jun 08 2025 00:00:00 GMT-0400 (Eastern Daylight Time),https://en.volleyballworld.com/volleyball/competitions/volleyball-nations-league/schedule/21584?match=Dominican+Republic-vs-Japan
Sun Jun 08 2025 00:00:00 GMT-0400 (Eastern Daylight Time),https://en.volleyballworld.com/volleyball/competitions/volleyball-nations-league/schedule/21585?match=Czechia-vs-Germany
Sun Jun 08 2025 00:00:00 GMT-0400 (Eastern Daylight Time),https://en.volleyballworld.com/volleyball/competitions/volleyball-nations-league/schedule/21586?match=Bulgaria-vs-Netherlands
Sun Jun 08 2025 00:00:00 GMT-0400 (Eastern Daylight Time),https://en.volleyballworld.com/volleyball/competitions/volleyball-nations-league/schedule/21587?match=Korea-vs-USA
Sun Jun 08 2025 00:00:00 GMT-0400 (Eastern Daylight Time),https://en.volleyballworld.com/volleyball/competitions/volleyball-nations-league/schedule/21588?match=Canada-vs-Serbia
Wed Jun 11 2025 00:00:00 GMT-0400 (Eastern Daylight Time),https://en.volleyballworld.com/volleyball/competitions/volleyball-nations-league/schedule/21437?match=Poland-vs-Netherlands
Wed Jun 11 2025 00:00:00 GMT-0400 (Eastern Daylight Time),https://en.volleyballworld.com/volleyball/competitions/volleyball-nations-league/schedule/21438?match=China-vs-Japan
Wed Jun 11 2025 00:00:00 GMT-0400 (Eastern Daylight Time),https://en.volleyballworld.com/volleyball/competitions/volleyball-nations-league/schedule/21439?match=Serbia-vs-T%c3%bcrkiye
Wed Jun 11 2025 00:00:00 GMT-0400 (Eastern Daylight Time),https://en.volleyballworld.com/volleyball/competitions/volleyball-nations-league/schedule/21440?match=Bulgaria-vs-Italy
Wed Jun 11 2025 00:00:00 GMT-0400 (Eastern Daylight Time),https://en.volleyballworld.com/volleyball/competitions/volleyball-nations-league/schedule/21441?match=Ukraine-vs-USA
Wed Jun 11 2025 00:00:00 GMT-0400 (Eastern Daylight Time),https://en.volleyballworld.com/volleyball/competitions/volleyball-nations-league/schedule/21442?match=Argentina-vs-France
Wed Jun 11 2025 00:00:00 GMT-0400 (Eastern Daylight Time),https://en.volleyballworld.com/volleyball/competitions/volleyball-nations-league/schedule/21443?match=Brazil-vs-Iran
Wed Jun 11 2025 00:00:00 GMT-0400 (Eastern Daylight Time),https://en.volleyballworld.com/volleyball/competitions/volleyball-nations-league/schedule/21444?match=Germany-vs-Canada
Wed Jun 11 2025 00:00:00 GMT-0400 (Eastern Daylight Time),https://en.volleyballworld.com/volleyball/competitions/volleyball-nations-league/schedule/21445?match=Slovenia-vs-Cuba
Thu Jun 12 2025 00:00:00 GMT-0400 (Eastern Daylight Time),https://en.volleyballworld.com/volleyball/competitions/volleyball-nations-league/schedule/21446?match=China-vs-Serbia
Thu Jun 12 2025 00:00:00 GMT-0400 (Eastern Daylight Time),https://en.volleyballworld.com/volleyball/competitions/volleyball-nations-league/schedule/21447?match=Poland-vs-Japan
Thu Jun 12 2025 00:00:00 GMT-0400 (Eastern Daylight Time),https://en.volleyballworld.com/volleyball/competitions/volleyball-nations-league/schedule/21448?match=Germany-vs-Italy
Thu Jun 12 2025 00:00:00 GMT-0400 (Eastern Daylight Time),https://en.volleyballworld.com/volleyball/competitions/volleyball-nations-league/schedule/21449?match=Brazil-vs-Cuba
Thu Jun 12 2025 00:00:00 GMT-0400 (Eastern Daylight Time),https://en.volleyballworld.com/volleyball/competitions/volleyball-nations-league/schedule/21450?match=Argentina-vs-Canada
Thu Jun 12 2025 00:00:00 GMT-0400 (Eastern Daylight Time),https://en.volleyballworld.com/volleyball/competitions/volleyball-nations-league/schedule/21451?match=USA-vs-Iran
